# Clean URLs for team pages
/josh       /josh.html
/emma       /emma.html
/trevin     /trevin.html
/kenley     /kenley.html
/marqelle   /marqelle.html

# Clean URLs for city pages
/pittsburgh   /pittsburgh.html
/hilton-head  /hilton-head.html
/columbia     /columbia.html
/savannah     /savannah.html
/columbus     /columbus.html
/findlay      /findlay.html
/toledo       /toledo.html

# Other common pages
/services     /services.html
/portfolio    /portfolio.html
/about        /about.html
/careers      /careers.html
/faq          /faq.html
/blog         /blog.html
/start        /get-started.html
/contact      /get-started.html
